Timestamp,Trial,Channel,Temperature (C)
2025-03-13 16:39:17,1,0,23.35060754801408
2025-03-13 16:39:17,1,1,21.805149271049583
2025-03-13 16:39:17,1,2,21.374519437504897
2025-03-13 16:39:17,1,3,20.955139158642513
2025-03-13 16:39:18,2,0,23.35060754801408
2025-03-13 16:39:18,2,1,21.805149271049583
2025-03-13 16:39:18,2,2,21.374519437504897
2025-03-13 16:39:18,2,3,20.955139158642513
2025-03-13 16:39:19,3,0,23.308837149603576
2025-03-13 16:39:19,3,1,21.804697592991424
2025-03-13 16:39:19,3,2,21.382475087538516
2025-03-13 16:39:19,3,3,20.969366603101186
2025-03-13 16:39:20,4,0,23.266343553526752
2025-03-13 16:39:20,4,1,21.807887598680086
2025-03-13 16:39:20,4,2,21.402877726602625
2025-03-13 16:39:20,4,3,20.985394363620035
2025-03-13 16:39:21,5,0,23.266343553526752
2025-03-13 16:39:21,5,1,21.807887598680086
2025-03-13 16:39:21,5,2,21.402877726602625
2025-03-13 16:39:21,5,3,20.985394363620035
2025-03-13 16:39:22,6,0,23.2155271489391
2025-03-13 16:39:22,6,1,21.818306323122194
2025-03-13 16:39:22,6,2,21.408096953807572
2025-03-13 16:39:22,6,3,20.996234381816357
2025-03-13 16:39:23,7,0,23.173303977127095
2025-03-13 16:39:23,7,1,21.8314902932106
2025-03-13 16:39:23,7,2,21.422213454438573
2025-03-13 16:39:23,7,3,21.027597698887867
2025-03-13 16:39:24,8,0,23.173303977127095
2025-03-13 16:39:24,8,1,21.8314902932106
2025-03-13 16:39:24,8,2,21.422213454438573
2025-03-13 16:39:24,8,3,21.027597698887867
2025-03-13 16:39:25,9,0,23.13190942714524
2025-03-13 16:39:25,9,1,21.83621367207679
2025-03-13 16:39:25,9,2,21.431665588767952
2025-03-13 16:39:25,9,3,21.060002694133217
2025-03-13 16:39:26,10,0,23.10566577332478
2025-03-13 16:39:26,10,1,21.8349245495832
2025-03-13 16:39:26,10,2,21.425098334654212
2025-03-13 16:39:26,10,3,21.08170938780508
2025-03-13 16:39:27,11,0,23.10566577332478
2025-03-13 16:39:27,11,1,21.8349245495832
2025-03-13 16:39:27,11,2,21.425098334654212
2025-03-13 16:39:27,11,3,21.08170938780508
2025-03-13 16:39:28,12,0,23.053574545170875
2025-03-13 16:39:28,12,1,21.834905779885577
2025-03-13 16:39:28,12,2,21.423761590862267
2025-03-13 16:39:28,12,3,21.095973860099406
2025-03-13 16:39:29,13,0,22.718200327604663
2025-03-13 16:39:29,13,1,21.855877947159872
2025-03-13 16:39:29,13,2,21.441581780610555
2025-03-13 16:39:29,13,3,21.123894173787
2025-03-13 16:39:30,14,0,22.718200327604663
2025-03-13 16:39:30,14,1,21.855877947159872
2025-03-13 16:39:30,14,2,21.441581780610555
2025-03-13 16:39:30,14,3,21.123894173787
2025-03-13 16:39:31,15,0,20.105022613263507
2025-03-13 16:39:31,15,1,21.86203403932347
2025-03-13 16:39:31,15,2,21.47176911228379
2025-03-13 16:39:31,15,3,21.143146660592603
2025-03-13 16:39:32,16,0,17.229161391767857
2025-03-13 16:39:32,16,1,21.86827970235908
2025-03-13 16:39:32,16,2,21.483008914099287
2025-03-13 16:39:32,16,3,21.161598380255622
2025-03-13 16:39:33,17,0,17.229161391767857
2025-03-13 16:39:33,17,1,21.86827970235908
2025-03-13 16:39:33,17,2,21.483008914099287
2025-03-13 16:39:33,17,3,21.161598380255622
2025-03-13 16:39:34,18,0,14.775531481320728
2025-03-13 16:39:34,18,1,21.86851061408363
2025-03-13 16:39:34,18,2,21.479084984575344
2025-03-13 16:39:34,18,3,21.156635387817396
2025-03-13 16:39:35,19,0,13.21053682643993
2025-03-13 16:39:35,19,1,21.865786825333252
2025-03-13 16:39:35,19,2,21.461546241686097
2025-03-13 16:39:35,19,3,21.154536841760194
2025-03-13 16:39:36,20,0,13.21053682643993
2025-03-13 16:39:36,20,1,21.865786825333252
2025-03-13 16:39:36,20,2,21.461546241686097
2025-03-13 16:39:36,20,3,21.154536841760194
2025-03-13 16:39:37,21,0,12.173583873240577
2025-03-13 16:39:37,21,1,21.86536190291877
2025-03-13 16:39:37,21,2,21.452559765828806
2025-03-13 16:39:37,21,3,21.15683455146439
2025-03-13 16:39:38,22,0,11.283180321576152
2025-03-13 16:39:38,22,1,21.862155577549217
2025-03-13 16:39:38,22,2,21.44870275989685
2025-03-13 16:39:38,22,3,21.16283668999233
2025-03-13 16:39:39,23,0,11.2785089818358
2025-03-13 16:39:39,23,1,21.86132732167226
2025-03-13 16:39:39,23,2,21.445488193389878
2025-03-13 16:39:39,23,3,21.15005283305856
2025-03-13 16:39:40,24,0,11.2785089818358
2025-03-13 16:39:40,24,1,21.86132732167226
2025-03-13 16:39:40,24,2,21.445488193389878
2025-03-13 16:39:40,24,3,21.15005283305856
2025-03-13 16:39:41,25,0,11.152769624415965
2025-03-13 16:39:41,25,1,21.855707905427945
2025-03-13 16:39:41,25,2,21.439251701911203
2025-03-13 16:39:41,25,3,21.15125686367366
2025-03-13 16:39:42,26,0,11.10658956581659
2025-03-13 16:39:42,26,1,21.854512357253903
2025-03-13 16:39:42,26,2,21.434404871367033
2025-03-13 16:39:42,26,3,21.142794208533285
2025-03-13 16:39:43,27,0,11.10658956581659
2025-03-13 16:39:43,27,1,21.854512357253903
2025-03-13 16:39:43,27,2,21.434404871367033
2025-03-13 16:39:43,27,3,21.142794208533285
2025-03-13 16:39:44,28,0,10.462098857638056
2025-03-13 16:39:44,28,1,21.84154904562087
2025-03-13 16:39:44,28,2,21.439319770904074
2025-03-13 16:39:44,28,3,21.13357961252473
2025-03-13 16:39:45,29,0,9.867512942640921
2025-03-13 16:39:45,29,1,21.843464362740608
2025-03-13 16:39:45,29,2,21.427946942512904
2025-03-13 16:39:45,29,3,21.129485065099836
2025-03-13 16:39:46,30,0,9.867512942640921
2025-03-13 16:39:46,30,1,21.843464362740608
2025-03-13 16:39:46,30,2,21.427946942512904
2025-03-13 16:39:46,30,3,21.129485065099836
2025-03-13 16:39:47,31,0,9.566188575973845
2025-03-13 16:39:47,31,1,21.829223077260664
2025-03-13 16:39:47,31,2,21.42478669376227
2025-03-13 16:39:47,31,3,21.11225611697251
2025-03-13 16:39:48,32,0,9.381973682531877
2025-03-13 16:39:48,32,1,21.822133658880432
2025-03-13 16:39:48,32,2,21.41717206653778
2025-03-13 16:39:48,32,3,21.094094150983047
2025-03-13 16:39:49,33,0,9.381973682531877
2025-03-13 16:39:49,33,1,21.822133658880432
2025-03-13 16:39:49,33,2,21.41717206653778
2025-03-13 16:39:49,33,3,21.094094150983047
2025-03-13 16:39:50,34,0,9.241035393240006
2025-03-13 16:39:50,34,1,21.81881803866819
2025-03-13 16:39:50,34,2,21.40026543972395
2025-03-13 16:39:50,34,3,21.08420658359749
2025-03-13 16:39:51,35,0,9.069158059454976
2025-03-13 16:39:51,35,1,21.81132735971029
2025-03-13 16:39:51,35,2,21.396679275925074
2025-03-13 16:39:51,35,3,21.066875352396604
2025-03-13 16:39:52,36,0,9.069158059454976
2025-03-13 16:39:52,36,1,21.81132735971029
2025-03-13 16:39:52,36,2,21.396679275925074
2025-03-13 16:39:52,36,3,21.066875352396604
2025-03-13 16:39:53,37,0,8.929297702240042
2025-03-13 16:39:53,37,1,21.808237181969574
2025-03-13 16:39:53,37,2,21.389347534229913
2025-03-13 16:39:53,37,3,21.05879967672427
2025-03-13 16:39:54,38,0,8.787390978369924
2025-03-13 16:39:54,38,1,21.80229349032903
2025-03-13 16:39:54,38,2,21.389121174155445
2025-03-13 16:39:54,38,3,21.053753205211798
2025-03-13 16:39:55,39,0,8.787390978369924
2025-03-13 16:39:55,39,1,21.80229349032903
2025-03-13 16:39:55,39,2,21.389121174155445
2025-03-13 16:39:55,39,3,21.053753205211798
2025-03-13 16:39:56,40,0,8.667453215123805
2025-03-13 16:39:56,40,1,21.799880555569136
2025-03-13 16:39:56,40,2,21.39243780161507
2025-03-13 16:39:56,40,3,21.04273929202339
2025-03-13 16:39:57,41,0,8.553909600528412
2025-03-13 16:39:57,41,1,21.804071322548726
2025-03-13 16:39:57,41,2,21.389010611106343
2025-03-13 16:39:57,41,3,21.03506255826724
2025-03-13 16:39:58,42,0,8.436008197648793
2025-03-13 16:39:58,42,1,21.798929146157732
2025-03-13 16:39:58,42,2,21.369255280160257
2025-03-13 16:39:58,42,3,21.026345435471594
2025-03-13 16:39:59,43,0,8.436008197648793
2025-03-13 16:39:59,43,1,21.798929146157732
2025-03-13 16:39:59,43,2,21.369255280160257
2025-03-13 16:39:59,43,3,21.026345435471594
2025-03-13 16:40:00,44,0,8.335106908658835
2025-03-13 16:40:00,44,1,21.787402565735327
2025-03-13 16:40:00,44,2,21.352175392336694
2025-03-13 16:40:00,44,3,21.010645944868674
2025-03-13 16:40:01,45,0,8.24128685660062
2025-03-13 16:40:01,45,1,21.78534066932816
2025-03-13 16:40:01,45,2,21.34765485868587
2025-03-13 16:40:01,45,3,21.00694840569594
2025-03-13 16:40:02,46,0,8.24128685660062
2025-03-13 16:40:02,46,1,21.78534066932816
2025-03-13 16:40:02,46,2,21.34765485868587
2025-03-13 16:40:02,46,3,21.00694840569594
2025-03-13 16:40:03,47,0,8.175548590080588
2025-03-13 16:40:03,47,1,21.791858036456443
2025-03-13 16:40:03,47,2,21.35106338663189
2025-03-13 16:40:03,47,3,21.004907468762912
2025-03-13 16:40:04,48,0,8.105464148712427
2025-03-13 16:40:04,48,1,21.7879655920979
2025-03-13 16:40:04,48,2,21.348630916439294
2025-03-13 16:40:04,48,3,20.999425485200238
2025-03-13 16:40:05,49,0,8.105464148712427
2025-03-13 16:40:05,49,1,21.7879655920979
2025-03-13 16:40:05,49,2,21.348630916439294
2025-03-13 16:40:05,49,3,20.999425485200238
2025-03-13 16:40:06,50,0,8.041675005836725
2025-03-13 16:40:06,50,1,21.825111749235706
2025-03-13 16:40:06,50,2,21.350796276722622
2025-03-13 16:40:06,50,3,20.993499809717218
2025-03-13 16:40:07,51,0,7.969003444279039
2025-03-13 16:40:07,51,1,21.82820337176829
2025-03-13 16:40:07,51,2,21.36514328115548
2025-03-13 16:40:07,51,3,20.997790029197503
2025-03-13 16:40:08,52,0,7.969003444279039
2025-03-13 16:40:08,52,1,21.82820337176829
2025-03-13 16:40:08,52,2,21.36514328115548
2025-03-13 16:40:08,52,3,20.997790029197503
2025-03-13 16:40:09,53,0,7.898475325474128
2025-03-13 16:40:09,53,1,21.827844261198372
2025-03-13 16:40:09,53,2,21.372826317634892
2025-03-13 16:40:09,53,3,20.990613078349078
2025-03-13 16:40:10,54,0,7.834327350058528
2025-03-13 16:40:10,54,1,21.83470031750205
2025-03-13 16:40:10,54,2,21.37842930515576
2025-03-13 16:40:10,54,3,20.98336744485647
2025-03-13 16:40:11,55,0,7.834327350058528
2025-03-13 16:40:11,55,1,21.83470031750205
2025-03-13 16:40:11,55,2,21.37842930515576
2025-03-13 16:40:11,55,3,20.98336744485647
2025-03-13 16:40:12,56,0,7.767586429320806
2025-03-13 16:40:12,56,1,21.827361971110605
2025-03-13 16:40:12,56,2,21.38285754327919
2025-03-13 16:40:12,56,3,20.982102370980133
2025-03-13 16:40:13,57,0,7.715934958065558
2025-03-13 16:40:13,57,1,21.827048244050665
2025-03-13 16:40:13,57,2,21.378415063111103
2025-03-13 16:40:13,57,3,20.97453571177494
2025-03-13 16:40:14,58,0,7.715934958065558
2025-03-13 16:40:14,58,1,21.827048244050665
2025-03-13 16:40:14,58,2,21.378415063111103
2025-03-13 16:40:14,58,3,20.97453571177494
2025-03-13 16:40:15,59,0,7.651963500531424
2025-03-13 16:40:15,59,1,21.82627675659477
2025-03-13 16:40:15,59,2,21.381597018730634
2025-03-13 16:40:15,59,3,20.971105205407195
2025-03-13 16:40:16,60,0,7.6024158641480355
2025-03-13 16:40:16,60,1,21.824606963828913
2025-03-13 16:40:16,60,2,21.37108719742232
2025-03-13 16:40:16,60,3,20.962516889789697
2025-03-13 16:40:17,61,0,7.554764108035896
2025-03-13 16:40:17,61,1,21.820815931955195
2025-03-13 16:40:17,61,2,21.355590120880283
2025-03-13 16:40:17,61,3,20.948564925204526
2025-03-13 16:40:18,62,0,7.554764108035896
2025-03-13 16:40:18,62,1,21.820815931955195
2025-03-13 16:40:18,62,2,21.355590120880283
2025-03-13 16:40:18,62,3,20.948564925204526
2025-03-13 16:40:19,63,0,7.506448342987474
2025-03-13 16:40:19,63,1,21.818445249152127
2025-03-13 16:40:19,63,2,21.35088063232137
2025-03-13 16:40:19,63,3,20.93171590261848
2025-03-13 16:40:20,64,0,7.467354210341648
2025-03-13 16:40:20,64,1,21.815418503929
2025-03-13 16:40:20,64,2,21.354756964728452
2025-03-13 16:40:20,64,3,20.90320560866423
2025-03-13 16:40:21,65,0,7.467354210341648
2025-03-13 16:40:21,65,1,21.815418503929
2025-03-13 16:40:21,65,2,21.354756964728452
2025-03-13 16:40:21,65,3,20.90320560866423
2025-03-13 16:40:22,66,0,7.427839298261572
2025-03-13 16:40:22,66,1,21.814944800899916
2025-03-13 16:40:22,66,2,21.353560416375824
2025-03-13 16:40:22,66,3,20.884515423839087
2025-03-13 16:40:23,67,0,7.391635327824374
2025-03-13 16:40:23,67,1,21.818780083206683
2025-03-13 16:40:23,67,2,21.352110496106583
2025-03-13 16:40:23,67,3,20.871485501377773
2025-03-13 16:40:24,68,0,7.391635327824374
2025-03-13 16:40:24,68,1,21.818780083206683
2025-03-13 16:40:24,68,2,21.352110496106583
2025-03-13 16:40:24,68,3,20.871485501377773
2025-03-13 16:40:25,69,0,7.350371502339238
2025-03-13 16:40:25,69,1,21.821989685860547
2025-03-13 16:40:25,69,2,21.347951372565323
2025-03-13 16:40:25,69,3,20.8633948719757
2025-03-13 16:40:26,70,0,7.324595656487094
2025-03-13 16:40:26,70,1,21.82403474335438
2025-03-13 16:40:26,70,2,21.33210906190284
2025-03-13 16:40:26,70,3,20.848962274762513
2025-03-13 16:40:27,71,0,7.324595656487094
2025-03-13 16:40:27,71,1,21.82403474335438
2025-03-13 16:40:27,71,2,21.33210906190284
2025-03-13 16:40:27,71,3,20.848962274762513
2025-03-13 16:40:28,72,0,7.284328407354255
2025-03-13 16:40:28,72,1,21.817012584497885
2025-03-13 16:40:28,72,2,21.322240180585617
2025-03-13 16:40:28,72,3,20.83543565924952
2025-03-13 16:40:29,73,0,7.249237172157359
2025-03-13 16:40:29,73,1,21.81920845007772
2025-03-13 16:40:29,73,2,21.318113433187893
2025-03-13 16:40:29,73,3,20.830315128292845
2025-03-13 16:40:30,74,0,7.249237172157359
2025-03-13 16:40:30,74,1,21.81920845007772
2025-03-13 16:40:30,74,2,21.318113433187893
2025-03-13 16:40:30,74,3,20.830315128292845
2025-03-13 16:40:31,75,0,7.227941178853528
2025-03-13 16:40:31,75,1,21.823995236378273
2025-03-13 16:40:31,75,2,21.328079504034644
2025-03-13 16:40:31,75,3,20.83116765035766
2025-03-13 16:40:32,76,0,7.196786944892664
2025-03-13 16:40:32,76,1,21.81953081140504
2025-03-13 16:40:32,76,2,21.30707830307839
2025-03-13 16:40:32,76,3,20.8333928002427
2025-03-13 16:40:33,77,0,7.196786944892664
2025-03-13 16:40:33,77,1,21.81953081140504
2025-03-13 16:40:33,77,2,21.30707830307839
2025-03-13 16:40:33,77,3,20.8333928002427
2025-03-13 16:40:34,78,0,7.165955146289732
2025-03-13 16:40:34,78,1,21.829438416548072
2025-03-13 16:40:34,78,2,21.314231063515688
2025-03-13 16:40:34,78,3,20.838603232409266
2025-03-13 16:40:35,79,0,7.132482136169949
2025-03-13 16:40:35,79,1,21.834739224958103
2025-03-13 16:40:35,79,2,21.330839908507972
2025-03-13 16:40:35,79,3,20.852771856611774
2025-03-13 16:40:36,80,0,7.099942814498863
2025-03-13 16:40:36,80,1,21.832942591979446
2025-03-13 16:40:36,80,2,21.32817594058574
2025-03-13 16:40:36,80,3,20.86484248441846
2025-03-13 16:40:37,81,0,7.099942814498863
2025-03-13 16:40:37,81,1,21.832942591979446
2025-03-13 16:40:37,81,2,21.32817594058574
2025-03-13 16:40:37,81,3,20.86484248441846
2025-03-13 16:40:38,82,0,7.072345285962881
2025-03-13 16:40:38,82,1,21.820545809793263
2025-03-13 16:40:38,82,2,21.324911675272205
2025-03-13 16:40:38,82,3,20.862260364608193
2025-03-13 16:40:39,83,0,7.041613225707436
2025-03-13 16:40:39,83,1,21.81650855691607
2025-03-13 16:40:39,83,2,21.31368338060489
2025-03-13 16:40:39,83,3,20.852082438586912
2025-03-13 16:40:40,84,0,7.041613225707436
2025-03-13 16:40:40,84,1,21.81650855691607
2025-03-13 16:40:40,84,2,21.31368338060489
2025-03-13 16:40:40,84,3,20.852082438586912
2025-03-13 16:40:41,85,0,7.018008753961493
2025-03-13 16:40:41,85,1,21.796876071916447
2025-03-13 16:40:41,85,2,21.301477862999253
2025-03-13 16:40:41,85,3,20.856166937164534
2025-03-13 16:40:42,86,0,6.993435377649536
2025-03-13 16:40:42,86,1,21.78699976412471
2025-03-13 16:40:42,86,2,21.27522394454641
2025-03-13 16:40:42,86,3,20.84021660642856
2025-03-13 16:40:43,87,0,6.993435377649536
2025-03-13 16:40:43,87,1,21.78699976412471
2025-03-13 16:40:43,87,2,21.27522394454641
2025-03-13 16:40:43,87,3,20.84021660642856
2025-03-13 16:40:44,88,0,6.968629185214055
2025-03-13 16:40:44,88,1,21.766931944087098
2025-03-13 16:40:44,88,2,21.259668689185094
2025-03-13 16:40:44,88,3,20.82610068452897
2025-03-13 16:40:45,89,0,6.950290134489067
2025-03-13 16:40:45,89,1,21.7656403827853
2025-03-13 16:40:45,89,2,21.25188231034904
2025-03-13 16:40:45,89,3,20.816208622441973
2025-03-13 16:40:46,90,0,6.950290134489067
2025-03-13 16:40:46,90,1,21.7656403827853
2025-03-13 16:40:46,90,2,21.25188231034904
2025-03-13 16:40:46,90,3,20.816208622441973
2025-03-13 16:40:47,91,0,6.951933658033113
2025-03-13 16:40:47,91,1,21.75646832205599
2025-03-13 16:40:47,91,2,21.254417214312152
2025-03-13 16:40:47,91,3,20.80662802601006
2025-03-13 16:40:48,92,0,6.938291245003235
2025-03-13 16:40:48,92,1,21.752057831631568
2025-03-13 16:40:48,92,2,21.25434602884888
2025-03-13 16:40:48,92,3,20.78797977272688
2025-03-13 16:40:49,93,0,6.938291245003235
2025-03-13 16:40:49,93,1,21.752057831631568
2025-03-13 16:40:49,93,2,21.25434602884888
2025-03-13 16:40:49,93,3,20.78797977272688
2025-03-13 16:40:50,94,0,6.923956048803813
2025-03-13 16:40:50,94,1,21.75213082838321
2025-03-13 16:40:50,94,2,21.26135268635267
2025-03-13 16:40:50,94,3,20.77744387917503
2025-03-13 16:40:51,95,0,6.923227422443745
2025-03-13 16:40:51,95,1,21.761249302827416
2025-03-13 16:40:51,95,2,21.266105878195646
2025-03-13 16:40:51,95,3,20.78561881189128
2025-03-13 16:40:52,96,0,6.923227422443745
2025-03-13 16:40:52,96,1,21.761249302827416
2025-03-13 16:40:52,96,2,21.266105878195646
2025-03-13 16:40:52,96,3,20.78561881189128
2025-03-13 16:40:53,97,0,6.913651736909336
2025-03-13 16:40:53,97,1,21.763609357126125
2025-03-13 16:40:53,97,2,21.259618227080104
2025-03-13 16:40:53,97,3,20.77985157403097
2025-03-13 16:40:54,98,0,6.911556496650245
2025-03-13 16:40:54,98,1,21.75815329227955
2025-03-13 16:40:54,98,2,21.252643412177527
2025-03-13 16:40:54,98,3,20.773209805149072
2025-03-13 16:40:55,99,0,6.911556496650245
2025-03-13 16:40:55,99,1,21.75815329227955
2025-03-13 16:40:55,99,2,21.252643412177527
2025-03-13 16:40:55,99,3,20.773209805149072
2025-03-13 16:40:56,100,0,6.9006447621954194
2025-03-13 16:40:56,100,1,21.756926677680084
2025-03-13 16:40:56,100,2,21.25430548620267
2025-03-13 16:40:56,100,3,20.766495263519065
2025-03-13 16:40:57,101,0,6.892971726748035
2025-03-13 16:40:57,101,1,21.746363010715335
2025-03-13 16:40:57,101,2,21.24651047080567
2025-03-13 16:40:57,101,3,20.761279602097574
2025-03-13 16:40:58,102,0,6.883808218339155
2025-03-13 16:40:58,102,1,21.751906947586
2025-03-13 16:40:58,102,2,21.239175784510206
2025-03-13 16:40:58,102,3,20.75396404647079
2025-03-13 16:40:59,103,0,6.883808218339155
2025-03-13 16:40:59,103,1,21.751906947586
2025-03-13 16:40:59,103,2,21.239175784510206
2025-03-13 16:40:59,103,3,20.75396404647079
2025-03-13 16:41:00,104,0,6.890954479287938
2025-03-13 16:41:00,104,1,21.74364032876308
2025-03-13 16:41:00,104,2,21.243791915600713
2025-03-13 16:41:00,104,3,20.740721198836056
2025-03-13 16:41:01,105,0,6.8860970579354355
2025-03-13 16:41:01,105,1,21.74263963512087
2025-03-13 16:41:01,105,2,21.24673119328272
2025-03-13 16:41:01,105,3,20.739305947645263
2025-03-13 16:41:02,106,0,6.8860970579354355
2025-03-13 16:41:02,106,1,21.74263963512087
2025-03-13 16:41:02,106,2,21.24673119328272
2025-03-13 16:41:02,106,3,20.739305947645263
2025-03-13 16:41:03,107,0,6.877293261174756
2025-03-13 16:41:03,107,1,21.75181259203399
2025-03-13 16:41:03,107,2,21.25379221056804
2025-03-13 16:41:03,107,3,20.741798625957877
2025-03-13 16:41:04,108,0,6.880391485918842
2025-03-13 16:41:04,108,1,21.776133710197563
2025-03-13 16:41:04,108,2,21.280463694286233
2025-03-13 16:41:04,108,3,20.750838510526638
2025-03-13 16:41:05,109,0,6.880391485918842
2025-03-13 16:41:05,109,1,21.776133710197563
2025-03-13 16:41:05,109,2,21.280463694286233
2025-03-13 16:41:05,109,3,20.750838510526638
2025-03-13 16:41:06,110,0,6.879761163912316
2025-03-13 16:41:06,110,1,21.791936046341494
2025-03-13 16:41:06,110,2,21.305474381198664
2025-03-13 16:41:06,110,3,20.760253361809777
2025-03-13 16:41:07,111,0,6.88468944669074
2025-03-13 16:41:07,111,1,21.797805669326767
2025-03-13 16:41:07,111,2,21.311269289384875
2025-03-13 16:41:07,111,3,20.77416558692115
2025-03-13 16:41:08,112,0,6.88468944669074
2025-03-13 16:41:08,112,1,21.797805669326767
2025-03-13 16:41:08,112,2,21.311269289384875
2025-03-13 16:41:08,112,3,20.77416558692115
2025-03-13 16:41:09,113,0,6.88875029960065
2025-03-13 16:41:09,113,1,21.799598770079886
2025-03-13 16:41:09,113,2,21.30824072960076
2025-03-13 16:41:09,113,3,20.78017519009114
2025-03-13 16:41:10,114,0,6.892604552678736
2025-03-13 16:41:10,114,1,21.8016487060449
2025-03-13 16:41:10,114,2,21.29302935003474
2025-03-13 16:41:10,114,3,20.771041313866338
2025-03-13 16:41:11,115,0,6.892604552678736
2025-03-13 16:41:11,115,1,21.8016487060449
2025-03-13 16:41:11,115,2,21.29302935003474
2025-03-13 16:41:11,115,3,20.771041313866338
2025-03-13 16:41:12,116,0,6.9155976293076655
2025-03-13 16:41:12,116,1,21.80545216566173
2025-03-13 16:41:12,116,2,21.285739421373883
2025-03-13 16:41:12,116,3,20.76596775339712
2025-03-13 16:41:13,117,0,6.9128120300024305
2025-03-13 16:41:13,117,1,21.80618263892803
2025-03-13 16:41:13,117,2,21.275125741729443
2025-03-13 16:41:13,117,3,20.765330189187555
2025-03-13 16:41:14,118,0,6.9128120300024305
2025-03-13 16:41:14,118,1,21.80618263892803
2025-03-13 16:41:14,118,2,21.275125741729443
2025-03-13 16:41:14,118,3,20.765330189187555
2025-03-13 16:41:15,119,0,6.90711733350016
2025-03-13 16:41:15,119,1,21.807710167772733
2025-03-13 16:41:15,119,2,21.267790181392087
2025-03-13 16:41:15,119,3,20.758433123179717
2025-03-13 16:41:16,120,0,6.90747368101525
2025-03-13 16:41:16,120,1,21.821148125188042
2025-03-13 16:41:16,120,2,21.28074171584976
2025-03-13 16:41:16,120,3,20.75775703222766
2025-03-13 16:41:17,121,0,6.893819525637341
2025-03-13 16:41:17,121,1,21.81984816757504
2025-03-13 16:41:17,121,2,21.282881628267855
2025-03-13 16:41:17,121,3,20.753766206557923
2025-03-13 16:41:18,122,0,6.893819525637341
2025-03-13 16:41:18,122,1,21.81984816757504
2025-03-13 16:41:18,122,2,21.282881628267855
2025-03-13 16:41:18,122,3,20.753766206557923
2025-03-13 16:41:19,123,0,6.8954147729389526
2025-03-13 16:41:19,123,1,21.814386099161005
2025-03-13 16:41:19,123,2,21.2700131474654
2025-03-13 16:41:19,123,3,20.757401989852553
2025-03-13 16:41:20,124,0,6.892213871759919
2025-03-13 16:41:20,124,1,21.808789187500462
2025-03-13 16:41:20,124,2,21.266068599700017
2025-03-13 16:41:20,124,3,20.764480262654555
2025-03-13 16:41:21,125,0,6.892213871759919
2025-03-13 16:41:21,125,1,21.808789187500462
2025-03-13 16:41:21,125,2,21.266068599700017
2025-03-13 16:41:21,125,3,20.764480262654555
2025-03-13 16:41:22,126,0,6.88296234068902
2025-03-13 16:41:22,126,1,21.79014916549397
2025-03-13 16:41:22,126,2,21.26115320707093
2025-03-13 16:41:22,126,3,20.770989324359874
2025-03-13 16:41:23,127,0,6.877816496025834
2025-03-13 16:41:23,127,1,21.76903329418878
2025-03-13 16:41:23,127,2,21.23925541762687
2025-03-13 16:41:23,127,3,20.77189312072271
2025-03-13 16:41:24,128,0,6.877816496025834
2025-03-13 16:41:24,128,1,21.76903329418878
2025-03-13 16:41:24,128,2,21.23925541762687
2025-03-13 16:41:24,128,3,20.77189312072271
2025-03-13 16:41:25,129,0,6.877161164208853
2025-03-13 16:41:25,129,1,21.75860617734962
2025-03-13 16:41:25,129,2,21.214850822867028
2025-03-13 16:41:25,129,3,20.76826895533762
2025-03-13 16:41:26,130,0,6.860512903813331
2025-03-13 16:41:26,130,1,21.746663651452614
2025-03-13 16:41:26,130,2,21.204073494793885
2025-03-13 16:41:26,130,3,20.762864562955087
2025-03-13 16:41:27,131,0,6.860512903813331
2025-03-13 16:41:27,131,1,21.746663651452614
2025-03-13 16:41:27,131,2,21.204073494793885
2025-03-13 16:41:27,131,3,20.762864562955087
2025-03-13 16:41:28,132,0,6.8458130570764535
2025-03-13 16:41:28,132,1,21.739423611851098
2025-03-13 16:41:28,132,2,21.20415204118212
2025-03-13 16:41:28,132,3,20.76749694406392
2025-03-13 16:41:29,133,0,6.843905742985113
2025-03-13 16:41:29,133,1,21.732684886376514
2025-03-13 16:41:29,133,2,21.206395963127886
2025-03-13 16:41:29,133,3,20.769377520213183
2025-03-13 16:41:30,134,0,6.843905742985113
2025-03-13 16:41:30,134,1,21.732684886376514
2025-03-13 16:41:30,134,2,21.206395963127886
2025-03-13 16:41:30,134,3,20.769377520213183
2025-03-13 16:41:31,135,0,6.830294979321707
2025-03-13 16:41:31,135,1,21.727042694374852
2025-03-13 16:41:31,135,2,21.208356852973232
2025-03-13 16:41:31,135,3,20.76947613655751
2025-03-13 16:41:32,136,0,6.814494700782622
2025-03-13 16:41:32,136,1,21.726327324582243
2025-03-13 16:41:32,136,2,21.208131750361876
2025-03-13 16:41:32,136,3,20.743331965013883
2025-03-13 16:41:33,137,0,6.814494700782622
2025-03-13 16:41:33,137,1,21.726327324582243
2025-03-13 16:41:33,137,2,21.208131750361876
2025-03-13 16:41:33,137,3,20.743331965013883
2025-03-13 16:41:34,138,0,6.812330657333065
2025-03-13 16:41:34,138,1,21.713690094680807
2025-03-13 16:41:34,138,2,21.212410988354932
2025-03-13 16:41:34,138,3,20.716115364936396
2025-03-13 16:41:35,139,0,6.8061000617566485
2025-03-13 16:41:35,139,1,21.708177431931286
2025-03-13 16:41:35,139,2,21.211314330065722
2025-03-13 16:41:35,139,3,20.70245125628214
2025-03-13 16:41:36,140,0,6.802331794227604
2025-03-13 16:41:36,140,1,21.70990086931743
2025-03-13 16:41:36,140,2,21.204655538507236
2025-03-13 16:41:36,140,3,20.698461723246442
2025-03-13 16:41:37,141,0,6.802331794227604
2025-03-13 16:41:37,141,1,21.70990086931743
2025-03-13 16:41:37,141,2,21.204655538507236
2025-03-13 16:41:37,141,3,20.698461723246442
2025-03-13 16:41:38,142,0,6.794453192929103
2025-03-13 16:41:38,142,1,21.71153532015264
2025-03-13 16:41:38,142,2,21.206126491663067
2025-03-13 16:41:38,142,3,20.697850720624505
2025-03-13 16:41:39,143,0,6.792951651946665
2025-03-13 16:41:39,143,1,21.714763253126744
2025-03-13 16:41:39,143,2,21.210242127303115
2025-03-13 16:41:39,143,3,20.700324987347905
2025-03-13 16:41:40,144,0,6.792951651946665
2025-03-13 16:41:40,144,1,21.714763253126744
2025-03-13 16:41:40,144,2,21.210242127303115
2025-03-13 16:41:40,144,3,20.700324987347905
2025-03-13 16:41:41,145,0,6.797455110072115
2025-03-13 16:41:41,145,1,21.717894260550825
2025-03-13 16:41:41,145,2,21.206118882016884
2025-03-13 16:41:41,145,3,20.702169821493904
2025-03-13 16:41:42,146,0,6.796202580442256
2025-03-13 16:41:42,146,1,21.717386495321968
2025-03-13 16:41:42,146,2,21.213442471096144
2025-03-13 16:41:42,146,3,20.707906534785565
2025-03-13 16:41:43,147,0,6.796202580442256
2025-03-13 16:41:43,147,1,21.717386495321968
2025-03-13 16:41:43,147,2,21.213442471096144
2025-03-13 16:41:43,147,3,20.707906534785565
2025-03-13 16:41:44,148,0,6.790934367720163
2025-03-13 16:41:44,148,1,21.71744006034922
2025-03-13 16:41:44,148,2,21.21612564369281
2025-03-13 16:41:44,148,3,20.697338606406305
2025-03-13 16:41:45,149,0,6.784219441642977
2025-03-13 16:41:45,149,1,21.721232924689502
2025-03-13 16:41:45,149,2,21.219661845678083
2025-03-13 16:41:45,149,3,20.69325246816497
2025-03-13 16:41:46,150,0,6.784219441642977
2025-03-13 16:41:46,150,1,21.721232924689502
2025-03-13 16:41:46,150,2,21.219661845678083
2025-03-13 16:41:46,150,3,20.69325246816497
2025-03-13 16:41:47,151,0,6.7845765986692825
2025-03-13 16:41:47,151,1,21.718947835288887
2025-03-13 16:41:47,151,2,21.218313902925914
2025-03-13 16:41:47,151,3,20.68155854476242
2025-03-13 16:41:48,152,0,6.778113398961636
2025-03-13 16:41:48,152,1,21.71941468537283
2025-03-13 16:41:48,152,2,21.22069525862123
2025-03-13 16:41:48,152,3,20.670833500728016
2025-03-13 16:41:49,153,0,6.778113398961636
2025-03-13 16:41:49,153,1,21.71941468537283
2025-03-13 16:41:49,153,2,21.22069525862123
2025-03-13 16:41:49,153,3,20.670833500728016
2025-03-13 16:41:50,154,0,6.772758923915952
2025-03-13 16:41:50,154,1,21.719233531431403
2025-03-13 16:41:50,154,2,21.22042232314424
2025-03-13 16:41:50,154,3,20.664567875570185
2025-03-13 16:41:51,155,0,6.76462440353981
2025-03-13 16:41:51,155,1,21.718647921544182
2025-03-13 16:41:51,155,2,21.21556758513233
2025-03-13 16:41:51,155,3,20.664041666939887
2025-03-13 16:41:52,156,0,6.76462440353981
2025-03-13 16:41:52,156,1,21.718647921544182
2025-03-13 16:41:52,156,2,21.21556758513233
2025-03-13 16:41:52,156,3,20.664041666939887
2025-03-13 16:41:53,157,0,6.770530166914341
2025-03-13 16:41:53,157,1,21.712851599249515
2025-03-13 16:41:53,157,2,21.202893574647153
2025-03-13 16:41:53,157,3,20.658372873908615
2025-03-13 16:41:54,158,0,6.771175231199056
2025-03-13 16:41:54,158,1,21.714468279593667
2025-03-13 16:41:54,158,2,21.19527431241872
2025-03-13 16:41:54,158,3,20.65157865357378
2025-03-13 16:41:55,159,0,6.775290916804372
2025-03-13 16:41:55,159,1,21.70606151153897
2025-03-13 16:41:55,159,2,21.17531360904154
2025-03-13 16:41:55,159,3,20.648444470239333
2025-03-13 16:41:56,160,0,6.775290916804372
2025-03-13 16:41:56,160,1,21.70606151153897
2025-03-13 16:41:56,160,2,21.17531360904154
2025-03-13 16:41:56,160,3,20.648444470239333
2025-03-13 16:41:57,161,0,6.765932465306618
2025-03-13 16:41:57,161,1,21.700228497353812
2025-03-13 16:41:57,161,2,21.15739000197773
2025-03-13 16:41:57,161,3,20.639632410388707
2025-03-13 16:41:58,162,0,6.771063411921566
2025-03-13 16:41:58,162,1,21.690475310811333
2025-03-13 16:41:58,162,2,21.15132926727135
2025-03-13 16:41:58,162,3,20.638892708666173
2025-03-13 16:41:59,163,0,6.771063411921566
2025-03-13 16:41:59,163,1,21.690475310811333
2025-03-13 16:41:59,163,2,21.15132926727135
2025-03-13 16:41:59,163,3,20.638892708666173
2025-03-13 16:42:00,164,0,6.769125367228345
2025-03-13 16:42:00,164,1,21.68230066040921
2025-03-13 16:42:00,164,2,21.137784323742892
2025-03-13 16:42:00,164,3,20.632037872224416
2025-03-13 16:42:01,165,0,6.773490600642934
2025-03-13 16:42:01,165,1,21.672781183666874
2025-03-13 16:42:01,165,2,21.131554670760416
2025-03-13 16:42:01,165,3,20.623458651223093
2025-03-13 16:42:02,166,0,6.773490600642934
2025-03-13 16:42:02,166,1,21.672781183666874
2025-03-13 16:42:02,166,2,21.131554670760416
2025-03-13 16:42:02,166,3,20.623458651223093
2025-03-13 16:42:03,167,0,6.768096005547578
2025-03-13 16:42:03,167,1,21.668626783069755
2025-03-13 16:42:03,167,2,21.130991471663062
2025-03-13 16:42:03,167,3,20.620942278729665
2025-03-13 16:42:04,168,0,6.767591409898894
2025-03-13 16:42:04,168,1,21.662544523072143
2025-03-13 16:42:04,168,2,21.12795593418877
2025-03-13 16:42:04,168,3,20.620533083239692
2025-03-13 16:42:05,169,0,6.767591409898894
2025-03-13 16:42:05,169,1,21.662544523072143
2025-03-13 16:42:05,169,2,21.12795593418877
2025-03-13 16:42:05,169,3,20.620533083239692
2025-03-13 16:42:06,170,0,6.7696615872164845
2025-03-13 16:42:06,170,1,21.661732857404182
2025-03-13 16:42:06,170,2,21.12310270837794
2025-03-13 16:42:06,170,3,20.614299908896257
2025-03-13 16:42:07,171,0,6.761209126962877
2025-03-13 16:42:07,171,1,21.653591271972196
2025-03-13 16:42:07,171,2,21.115651137011138
2025-03-13 16:42:07,171,3,20.603378235334773
2025-03-13 16:42:08,172,0,6.761209126962877
2025-03-13 16:42:08,172,1,21.653591271972196
2025-03-13 16:42:08,172,2,21.115651137011138
2025-03-13 16:42:08,172,3,20.603378235334773
2025-03-13 16:42:09,173,0,6.767129098670543
2025-03-13 16:42:09,173,1,21.645960514129705
2025-03-13 16:42:09,173,2,21.10118211379173
2025-03-13 16:42:09,173,3,20.58782611084564
2025-03-13 16:42:10,174,0,6.776811485061723
2025-03-13 16:42:10,174,1,21.64244712579378
2025-03-13 16:42:10,174,2,21.093846352510113
2025-03-13 16:42:10,174,3,20.585736696699602
2025-03-13 16:42:11,175,0,6.776811485061723
2025-03-13 16:42:11,175,1,21.64244712579378
2025-03-13 16:42:11,175,2,21.093846352510113
2025-03-13 16:42:11,175,3,20.585736696699602
2025-03-13 16:42:12,176,0,6.7660230773914165
2025-03-13 16:42:12,176,1,21.634294451091566
2025-03-13 16:42:12,176,2,21.088748184916266
2025-03-13 16:42:12,176,3,20.573640638232586
2025-03-13 16:42:13,177,0,6.774331131277256
2025-03-13 16:42:13,177,1,21.62151463395551
2025-03-13 16:42:13,177,2,21.078129880590094
2025-03-13 16:42:13,177,3,20.562679304991363
2025-03-13 16:42:14,178,0,6.774331131277256
2025-03-13 16:42:14,178,1,21.62151463395551
2025-03-13 16:42:14,178,2,21.078129880590094
2025-03-13 16:42:14,178,3,20.562679304991363
2025-03-13 16:42:15,179,0,6.7745785348784775
2025-03-13 16:42:15,179,1,21.616196552439288
2025-03-13 16:42:15,179,2,21.0780012897963
2025-03-13 16:42:15,179,3,20.559539259950377
2025-03-13 16:42:16,180,0,6.772286162664688
2025-03-13 16:42:16,180,1,21.6098924692557
2025-03-13 16:42:16,180,2,21.071447188126882
2025-03-13 16:42:16,180,3,20.562066483524855
2025-03-13 16:42:17,181,0,6.772932868950064
2025-03-13 16:42:17,181,1,21.60270104651669
2025-03-13 16:42:17,181,2,21.055102902699744
2025-03-13 16:42:17,181,3,20.53970503972056
2025-03-13 16:42:18,182,0,6.772932868950064
2025-03-13 16:42:18,182,1,21.60270104651669
2025-03-13 16:42:18,182,2,21.055102902699744
2025-03-13 16:42:18,182,3,20.53970503972056
2025-03-13 16:42:19,183,0,6.769314905081769
2025-03-13 16:42:19,183,1,21.593228924640325
2025-03-13 16:42:19,183,2,21.03548418027781
2025-03-13 16:42:19,183,3,20.519645605680747
2025-03-13 16:42:20,184,0,6.762517609866499
2025-03-13 16:42:20,184,1,21.585998532303623
2025-03-13 16:42:20,184,2,21.02845645783812
2025-03-13 16:42:20,184,3,20.503987514980032
2025-03-13 16:42:21,185,0,6.762517609866499
2025-03-13 16:42:21,185,1,21.585998532303623
2025-03-13 16:42:21,185,2,21.02845645783812
2025-03-13 16:42:21,185,3,20.503987514980032
2025-03-13 16:42:22,186,0,6.74309368822169
2025-03-13 16:42:22,186,1,21.566023158507782
2025-03-13 16:42:22,186,2,21.01863396033581
2025-03-13 16:42:22,186,3,20.4857894296652
2025-03-13 16:42:23,187,0,6.714133424502146
2025-03-13 16:42:23,187,1,21.550670318156804
2025-03-13 16:42:23,187,2,21.010586434394508
2025-03-13 16:42:23,187,3,20.477334284187606
2025-03-13 16:42:24,188,0,6.714133424502146
2025-03-13 16:42:24,188,1,21.550670318156804
2025-03-13 16:42:24,188,2,21.010586434394508
2025-03-13 16:42:24,188,3,20.477334284187606
2025-03-13 16:42:25,189,0,6.702813616396251
2025-03-13 16:42:25,189,1,21.539084338535346
2025-03-13 16:42:25,189,2,20.995266038374304
2025-03-13 16:42:25,189,3,20.47806935822764
2025-03-13 16:42:26,190,0,6.708137872794234
2025-03-13 16:42:26,190,1,21.52798423596863
2025-03-13 16:42:26,190,2,20.98918411363055
2025-03-13 16:42:26,190,3,20.46792538431232
2025-03-13 16:42:27,191,0,6.708137872794234
2025-03-13 16:42:27,191,1,21.52798423596863
2025-03-13 16:42:27,191,2,20.98918411363055
2025-03-13 16:42:27,191,3,20.46792538431232
2025-03-13 16:42:28,192,0,6.702768013290663
2025-03-13 16:42:28,192,1,21.517676219326248
2025-03-13 16:42:28,192,2,20.98332877810903
2025-03-13 16:42:28,192,3,20.45662152539359
2025-03-13 16:42:29,193,0,6.69781939609361
2025-03-13 16:42:29,193,1,21.51272347128846
2025-03-13 16:42:29,193,2,20.98543664202566
2025-03-13 16:42:29,193,3,20.433589416724175
2025-03-13 16:42:30,194,0,6.69781939609361
2025-03-13 16:42:30,194,1,21.51272347128846
2025-03-13 16:42:30,194,2,20.98543664202566
2025-03-13 16:42:30,194,3,20.433589416724175
2025-03-13 16:42:31,195,0,6.698852031674501
2025-03-13 16:42:31,195,1,21.50888973709344
2025-03-13 16:42:31,195,2,20.98208185219878
2025-03-13 16:42:31,195,3,20.43051390884248
2025-03-13 16:42:32,196,0,6.701302333734927
2025-03-13 16:42:32,196,1,21.50476851654502
2025-03-13 16:42:32,196,2,20.985528488936012
2025-03-13 16:42:32,196,3,20.42961911234826
2025-03-13 16:42:33,197,0,6.701302333734927
2025-03-13 16:42:33,197,1,21.50476851654502
2025-03-13 16:42:33,197,2,20.985528488936012
2025-03-13 16:42:33,197,3,20.42961911234826
2025-03-13 16:42:34,198,0,6.706734706766548
2025-03-13 16:42:34,198,1,21.50681189051725
2025-03-13 16:42:34,198,2,20.984877897345875
2025-03-13 16:42:34,198,3,20.419688466720547
2025-03-13 16:42:35,199,0,6.716367243673154
2025-03-13 16:42:35,199,1,21.50814073369718
2025-03-13 16:42:35,199,2,20.98551649362698
2025-03-13 16:42:35,199,3,20.4157762017533
2025-03-13 16:42:36,200,0,6.722175101066353
2025-03-13 16:42:36,200,1,21.511289101660605
2025-03-13 16:42:36,200,2,20.99268355769785
2025-03-13 16:42:36,200,3,20.39972404979117
2025-03-13 16:42:37,201,0,6.722175101066353
2025-03-13 16:42:37,201,1,21.511289101660605
2025-03-13 16:42:37,201,2,20.99268355769785
2025-03-13 16:42:37,201,3,20.39972404979117
2025-03-13 16:42:38,202,0,6.718417764795687
2025-03-13 16:42:38,202,1,21.508825501097718
2025-03-13 16:42:38,202,2,20.994292224921203
2025-03-13 16:42:38,202,3,20.374690280596234
2025-03-13 16:42:39,203,0,6.736486619235921
2025-03-13 16:42:39,203,1,21.503853151978383
2025-03-13 16:42:39,203,2,20.995120115603484
2025-03-13 16:42:39,203,3,20.36270594296683
2025-03-13 16:42:40,204,0,6.736486619235921
2025-03-13 16:42:40,204,1,21.503853151978383
2025-03-13 16:42:40,204,2,20.995120115603484
2025-03-13 16:42:40,204,3,20.36270594296683
2025-03-13 16:42:41,205,0,6.745206915469948
2025-03-13 16:42:41,205,1,21.50131823378056
2025-03-13 16:42:41,205,2,20.99740983311822
2025-03-13 16:42:41,205,3,20.358038923320766
2025-03-13 16:42:42,206,0,6.745050467850347
2025-03-13 16:42:42,206,1,21.504755770579454
2025-03-13 16:42:42,206,2,21.00148933621566
2025-03-13 16:42:42,206,3,20.356980179452055
2025-03-13 16:42:43,207,0,6.745050467850347
2025-03-13 16:42:43,207,1,21.504755770579454
2025-03-13 16:42:43,207,2,21.00148933621566
2025-03-13 16:42:43,207,3,20.356980179452055
2025-03-13 16:42:44,208,0,6.749967819224615
2025-03-13 16:42:44,208,1,21.508338417739296
2025-03-13 16:42:44,208,2,21.006175826027413
2025-03-13 16:42:44,208,3,20.36064481005503
2025-03-13 16:42:45,209,0,6.756762562289266
2025-03-13 16:42:45,209,1,21.517680049770053
2025-03-13 16:42:45,209,2,21.018819310264767
2025-03-13 16:42:45,209,3,20.35619362639399
2025-03-13 16:42:46,210,0,6.756762562289266
2025-03-13 16:42:46,210,1,21.517680049770053
2025-03-13 16:42:46,210,2,21.018819310264767
2025-03-13 16:42:46,210,3,20.35619362639399
2025-03-13 16:42:47,211,0,6.7636246934583255
2025-03-13 16:42:47,211,1,21.529283528893398
2025-03-13 16:42:47,211,2,21.027090048211438
2025-03-13 16:42:47,211,3,20.36173679056023
2025-03-13 16:42:48,212,0,6.770540203260893
2025-03-13 16:42:48,212,1,21.52353651003633
2025-03-13 16:42:48,212,2,21.0278157960331
2025-03-13 16:42:48,212,3,20.38067342237798
2025-03-13 16:42:49,213,0,6.770540203260893
2025-03-13 16:42:49,213,1,21.52353651003633
2025-03-13 16:42:49,213,2,21.0278157960331
2025-03-13 16:42:49,213,3,20.38067342237798
2025-03-13 16:42:50,214,0,6.76963138474426
2025-03-13 16:42:50,214,1,21.52394096369726
2025-03-13 16:42:50,214,2,21.021874916782277
2025-03-13 16:42:50,214,3,20.398082947053187
2025-03-13 16:42:51,215,0,6.779782815318689
2025-03-13 16:42:51,215,1,21.523882997900863
2025-03-13 16:42:51,215,2,21.024449770287088
2025-03-13 16:42:51,215,3,20.40789378931252
2025-03-13 16:42:52,216,0,6.779782815318689
2025-03-13 16:42:52,216,1,21.523882997900863
2025-03-13 16:42:52,216,2,21.024449770287088
2025-03-13 16:42:52,216,3,20.40789378931252
2025-03-13 16:42:53,217,0,6.787600523217969
2025-03-13 16:42:53,217,1,21.5260765958474
2025-03-13 16:42:53,217,2,21.021207056613225
2025-03-13 16:42:53,217,3,20.406562528790275
2025-03-13 16:42:54,218,0,6.790099240186029
2025-03-13 16:42:54,218,1,21.52466867421449
2025-03-13 16:42:54,218,2,21.01762113767729
2025-03-13 16:42:54,218,3,20.395759893984017
2025-03-13 16:42:55,219,0,6.784400115039139
2025-03-13 16:42:55,219,1,21.523238164500704
2025-03-13 16:42:55,219,2,21.015792851901526
2025-03-13 16:42:55,219,3,20.38303713717788
2025-03-13 16:42:56,220,0,6.784400115039139
2025-03-13 16:42:56,220,1,21.523238164500704
2025-03-13 16:42:56,220,2,21.015792851901526
2025-03-13 16:42:56,220,3,20.38303713717788
2025-03-13 16:42:57,221,0,6.788663232077335
2025-03-13 16:42:57,221,1,21.514560727866257
2025-03-13 16:42:57,221,2,21.013523660003482
2025-03-13 16:42:57,221,3,20.37262712710624
2025-03-13 16:42:58,222,0,6.795469935542287
2025-03-13 16:42:58,222,1,21.51496064222092
2025-03-13 16:42:58,222,2,21.009770185590305
2025-03-13 16:42:58,222,3,20.380411124482393
2025-03-13 16:42:59,223,0,6.795469935542287
2025-03-13 16:42:59,223,1,21.51496064222092
2025-03-13 16:42:59,223,2,21.009770185590305
2025-03-13 16:42:59,223,3,20.380411124482393
2025-03-13 16:43:00,224,0,6.789893346821284
2025-03-13 16:43:00,224,1,21.513991315294653
2025-03-13 16:43:00,224,2,21.010289040015795
2025-03-13 16:43:00,224,3,20.392727156349647
2025-03-13 16:43:01,225,0,6.7996924621742325
2025-03-13 16:43:01,225,1,21.505650595552424
2025-03-13 16:43:01,225,2,21.005244923105277
2025-03-13 16:43:01,225,3,20.394221007229735
2025-03-13 16:43:02,226,0,6.7996924621742325
2025-03-13 16:43:02,226,1,21.505650595552424
2025-03-13 16:43:02,226,2,21.005244923105277
2025-03-13 16:43:02,226,3,20.394221007229735
2025-03-13 16:43:03,227,0,6.806870515110721
2025-03-13 16:43:03,227,1,21.508813896026368
2025-03-13 16:43:03,227,2,21.00054442434846
2025-03-13 16:43:03,227,3,20.3906670947426
2025-03-13 16:43:04,228,0,6.803393435503615
2025-03-13 16:43:04,228,1,21.502848982677076
2025-03-13 16:43:04,228,2,20.995797976539478
2025-03-13 16:43:04,228,3,20.37971839565503
2025-03-13 16:43:05,229,0,6.803393435503615
2025-03-13 16:43:05,229,1,21.502848982677076
2025-03-13 16:43:05,229,2,20.995797976539478
2025-03-13 16:43:05,229,3,20.37971839565503
2025-03-13 16:43:06,230,0,6.799001735529944
2025-03-13 16:43:06,230,1,21.49322067424548
2025-03-13 16:43:06,230,2,20.992322849269033
2025-03-13 16:43:06,230,3,20.37778166718101
2025-03-13 16:43:07,231,0,6.791276329486278
2025-03-13 16:43:07,231,1,21.485853836200075
2025-03-13 16:43:07,231,2,20.986715738534055
2025-03-13 16:43:07,231,3,20.366005951072445
2025-03-13 16:43:08,232,0,6.791276329486278
2025-03-13 16:43:08,232,1,21.485853836200075
2025-03-13 16:43:08,232,2,20.986715738534055
2025-03-13 16:43:08,232,3,20.366005951072445
2025-03-13 16:43:09,233,0,6.780886577174933
2025-03-13 16:43:09,233,1,21.48169243826481
2025-03-13 16:43:09,233,2,20.98110930897547
2025-03-13 16:43:09,233,3,20.361573284747102
2025-03-13 16:43:10,234,0,6.783034214279629
2025-03-13 16:43:10,234,1,21.479229688487315
2025-03-13 16:43:10,234,2,20.979926967010726
2025-03-13 16:43:10,234,3,20.34772919575651
2025-03-13 16:43:11,235,0,6.783034214279629
2025-03-13 16:43:11,235,1,21.479229688487315
2025-03-13 16:43:11,235,2,20.979926967010726
2025-03-13 16:43:11,235,3,20.34772919575651
2025-03-13 16:43:12,236,0,6.7821152537074365
2025-03-13 16:43:12,236,1,21.476185315828513
2025-03-13 16:43:12,236,2,20.974851856081123
2025-03-13 16:43:12,236,3,20.33487898519714
2025-03-13 16:43:13,237,0,6.7858801132701805
2025-03-13 16:43:13,237,1,21.490852961556186
2025-03-13 16:43:13,237,2,20.97788656136661
2025-03-13 16:43:13,237,3,20.322997974003012
2025-03-13 16:43:14,238,0,6.774097040664331
2025-03-13 16:43:14,238,1,21.48920986776105
2025-03-13 16:43:14,238,2,20.97607548218432
2025-03-13 16:43:14,238,3,20.32618943129992
2025-03-13 16:43:15,239,0,6.774097040664331
2025-03-13 16:43:15,239,1,21.48920986776105
2025-03-13 16:43:15,239,2,20.97607548218432
2025-03-13 16:43:15,239,3,20.32618943129992
2025-03-13 16:43:16,240,0,6.770905907731364
2025-03-13 16:43:16,240,1,21.486693627399834
2025-03-13 16:43:16,240,2,20.966856214533284
2025-03-13 16:43:16,240,3,20.32326850807338
2025-03-13 16:43:17,241,0,6.76309507750517
2025-03-13 16:43:17,241,1,21.486329874338974
2025-03-13 16:43:17,241,2,20.960237695549214
2025-03-13 16:43:17,241,3,20.323095565966778
2025-03-13 16:43:18,242,0,6.76309507750517
2025-03-13 16:43:18,242,1,21.486329874338974
2025-03-13 16:43:18,242,2,20.960237695549214
2025-03-13 16:43:18,242,3,20.323095565966778
2025-03-13 16:43:19,243,0,6.750582791408657
2025-03-13 16:43:19,243,1,21.480249688804996
2025-03-13 16:43:19,243,2,20.94928685647663
2025-03-13 16:43:19,243,3,20.312597750143553
2025-03-13 16:43:20,244,0,6.744508403188536
2025-03-13 16:43:20,244,1,21.474952943022394
2025-03-13 16:43:20,244,2,20.94748144558164
2025-03-13 16:43:20,244,3,20.310914110135474
2025-03-13 16:43:21,245,0,6.744508403188536
2025-03-13 16:43:21,245,1,21.474952943022394
2025-03-13 16:43:21,245,2,20.94748144558164
2025-03-13 16:43:21,245,3,20.310914110135474
2025-03-13 16:43:22,246,0,6.734512669598673
2025-03-13 16:43:22,246,1,21.469850761165368
2025-03-13 16:43:22,246,2,20.945810397543806
2025-03-13 16:43:22,246,3,20.301041322271097
2025-03-13 16:43:23,247,0,6.734479413669307
2025-03-13 16:43:23,247,1,21.45901279996542
2025-03-13 16:43:23,247,2,20.942970513639
2025-03-13 16:43:23,247,3,20.298193694913262
2025-03-13 16:43:24,248,0,6.734479413669307
2025-03-13 16:43:24,248,1,21.45901279996542
2025-03-13 16:43:24,248,2,20.942970513639
2025-03-13 16:43:24,248,3,20.298193694913262
2025-03-13 16:43:25,249,0,6.73493725860024
2025-03-13 16:43:25,249,1,21.46626362047489
2025-03-13 16:43:25,249,2,20.939944480728034
2025-03-13 16:43:25,249,3,20.289340021834878
2025-03-13 16:43:26,250,0,6.736261764723584
2025-03-13 16:43:26,250,1,21.461874366718888
2025-03-13 16:43:26,250,2,20.941990959107248
2025-03-13 16:43:26,250,3,20.2882478283004
2025-03-13 16:43:27,251,0,6.736261764723584
2025-03-13 16:43:27,251,1,21.461874366718888
2025-03-13 16:43:27,251,2,20.941990959107248
2025-03-13 16:43:27,251,3,20.2882478283004
2025-03-13 16:43:28,252,0,6.740359181318009
2025-03-13 16:43:28,252,1,21.463891583926088
2025-03-13 16:43:28,252,2,20.93041777113214
2025-03-13 16:43:28,252,3,20.28521011578242
2025-03-13 16:43:29,253,0,6.753930254110774
2025-03-13 16:43:29,253,1,21.46331109412933
2025-03-13 16:43:29,253,2,20.925484919463745
2025-03-13 16:43:29,253,3,20.28790684911153
2025-03-13 16:43:30,254,0,6.753930254110774
2025-03-13 16:43:30,254,1,21.46331109412933
2025-03-13 16:43:30,254,2,20.925484919463745
2025-03-13 16:43:30,254,3,20.28790684911153
2025-03-13 16:43:31,255,0,6.765561689956709
2025-03-13 16:43:31,255,1,21.469482863627867
2025-03-13 16:43:31,255,2,20.930122134232132
2025-03-13 16:43:31,255,3,20.30317267201132
2025-03-13 16:43:32,256,0,6.77473827446619
2025-03-13 16:43:32,256,1,21.474336568955056
2025-03-13 16:43:32,256,2,20.93142431310506
2025-03-13 16:43:32,256,3,20.314395116870582
2025-03-13 16:43:33,257,0,6.77473827446619
2025-03-13 16:43:33,257,1,21.474336568955056
2025-03-13 16:43:33,257,2,20.93142431310506
2025-03-13 16:43:33,257,3,20.314395116870582
2025-03-13 16:43:34,258,0,6.78189189641701
2025-03-13 16:43:34,258,1,21.480452409792296
2025-03-13 16:43:34,258,2,20.933563184617167
2025-03-13 16:43:34,258,3,20.3251007424348
2025-03-13 16:43:35,259,0,6.793535492210167
2025-03-13 16:43:35,259,1,21.482853054069952
2025-03-13 16:43:35,259,2,20.942582467944952
2025-03-13 16:43:35,259,3,20.349526903589336
2025-03-13 16:43:36,260,0,6.812997421815476
2025-03-13 16:43:36,260,1,21.493346223799303
2025-03-13 16:43:36,260,2,20.95098485493077
2025-03-13 16:43:36,260,3,20.361681295693614
2025-03-13 16:43:37,261,0,6.812997421815476
2025-03-13 16:43:37,261,1,21.493346223799303
2025-03-13 16:43:37,261,2,20.95098485493077
2025-03-13 16:43:37,261,3,20.361681295693614
2025-03-13 16:43:38,262,0,6.8181753689640265
2025-03-13 16:43:38,262,1,21.501488432862
2025-03-13 16:43:38,262,2,20.96344436653983
2025-03-13 16:43:38,262,3,20.363423747497468
2025-03-13 16:43:39,263,0,6.817317580192883
2025-03-13 16:43:39,263,1,21.51228668829854
2025-03-13 16:43:39,263,2,20.96788858029158
2025-03-13 16:43:39,263,3,20.373630500908888
2025-03-13 16:43:40,264,0,6.817317580192883
2025-03-13 16:43:40,264,1,21.51228668829854
2025-03-13 16:43:40,264,2,20.96788858029158
2025-03-13 16:43:40,264,3,20.373630500908888
2025-03-13 16:43:41,265,0,6.830793077681232
2025-03-13 16:43:41,265,1,21.51492962134765
2025-03-13 16:43:41,265,2,20.974319063617738
2025-03-13 16:43:41,265,3,20.386038943094643
2025-03-13 16:43:42,266,0,6.829189837285867
2025-03-13 16:43:42,266,1,21.519410917851896
2025-03-13 16:43:42,266,2,20.981831670063478
2025-03-13 16:43:42,266,3,20.391495466196872
2025-03-13 16:43:43,267,0,6.829189837285867
2025-03-13 16:43:43,267,1,21.519410917851896
2025-03-13 16:43:43,267,2,20.981831670063478
2025-03-13 16:43:43,267,3,20.391495466196872
2025-03-13 16:43:44,268,0,6.833935935219471
2025-03-13 16:43:44,268,1,21.52113441508091
2025-03-13 16:43:44,268,2,20.994589423259775
2025-03-13 16:43:44,268,3,20.402533228803623
2025-03-13 16:43:45,269,0,6.843701088558581
2025-03-13 16:43:45,269,1,21.521774987955816
2025-03-13 16:43:45,269,2,20.995882450443474
2025-03-13 16:43:45,269,3,20.40338225364687
2025-03-13 16:43:46,270,0,6.843701088558581
2025-03-13 16:43:46,270,1,21.521774987955816
2025-03-13 16:43:46,270,2,20.995882450443474
2025-03-13 16:43:46,270,3,20.40338225364687
2025-03-13 16:43:47,271,0,6.842388197554099
2025-03-13 16:43:47,271,1,21.531268960642713
2025-03-13 16:43:47,271,2,20.99497383110139
2025-03-13 16:43:47,271,3,20.407088581263594
2025-03-13 16:43:48,272,0,6.842819994915925
2025-03-13 16:43:48,272,1,21.53383709258408
2025-03-13 16:43:48,272,2,21.00352585430551
2025-03-13 16:43:48,272,3,20.409978298446372
2025-03-13 16:43:49,273,0,6.842819994915925
2025-03-13 16:43:49,273,1,21.53383709258408
2025-03-13 16:43:49,273,2,21.00352585430551
2025-03-13 16:43:49,273,3,20.409978298446372
2025-03-13 16:43:50,274,0,6.844064558526603
2025-03-13 16:43:50,274,1,21.53109060904479
2025-03-13 16:43:50,274,2,21.006809329625383
2025-03-13 16:43:50,274,3,20.42209858450694
2025-03-13 16:43:51,275,0,6.849003020315023
2025-03-13 16:43:51,275,1,21.530310331380416
2025-03-13 16:43:51,275,2,21.00452339996361
2025-03-13 16:43:51,275,3,20.425810311463167
2025-03-13 16:43:52,276,0,6.849003020315023
2025-03-13 16:43:52,276,1,21.530310331380416
2025-03-13 16:43:52,276,2,21.00452339996361
2025-03-13 16:43:52,276,3,20.425810311463167
2025-03-13 16:43:53,277,0,6.848047113909274
2025-03-13 16:43:53,277,1,21.53316053833369
2025-03-13 16:43:53,277,2,21.000218453362503
2025-03-13 16:43:53,277,3,20.422514667273937
2025-03-13 16:43:54,278,0,6.860270261522263
2025-03-13 16:43:54,278,1,21.53441530374034
2025-03-13 16:43:54,278,2,20.99840960808351
2025-03-13 16:43:54,278,3,20.41768044360567
2025-03-13 16:43:55,279,0,6.872150146606721
2025-03-13 16:43:55,279,1,21.541327436262073
2025-03-13 16:43:55,279,2,20.999955825926474
2025-03-13 16:43:55,279,3,20.399161822995936
2025-03-13 16:43:56,280,0,6.872150146606721
2025-03-13 16:43:56,280,1,21.541327436262073
2025-03-13 16:43:56,280,2,20.999955825926474
2025-03-13 16:43:56,280,3,20.399161822995936
2025-03-13 16:43:57,281,0,6.877888777573679
2025-03-13 16:43:57,281,1,21.54767855530678
2025-03-13 16:43:57,281,2,21.004615180350758
2025-03-13 16:43:57,281,3,20.38283523188361
2025-03-13 16:43:58,282,0,6.89931278749855
2025-03-13 16:43:58,282,1,21.54955078326618
2025-03-13 16:43:58,282,2,20.984541606403972
2025-03-13 16:43:58,282,3,20.38440880880494
2025-03-13 16:43:59,283,0,6.89931278749855
2025-03-13 16:43:59,283,1,21.54955078326618
2025-03-13 16:43:59,283,2,20.984541606403972
2025-03-13 16:43:59,283,3,20.38440880880494
2025-03-13 16:44:00,284,0,6.912579107005977
2025-03-13 16:44:00,284,1,21.5463206710996
2025-03-13 16:44:00,284,2,20.982382509168197
2025-03-13 16:44:00,284,3,20.38498653538488
2025-03-13 16:44:01,285,0,6.9241337687875415
2025-03-13 16:44:01,285,1,21.550773200773452
2025-03-13 16:44:01,285,2,20.978795312634816
2025-03-13 16:44:01,285,3,20.37858975403096
2025-03-13 16:44:02,286,0,6.9241337687875415
2025-03-13 16:44:02,286,1,21.550773200773452
2025-03-13 16:44:02,286,2,20.978795312634816
2025-03-13 16:44:02,286,3,20.37858975403096
2025-03-13 16:44:03,287,0,6.925143989703242
2025-03-13 16:44:03,287,1,21.54893733726436
2025-03-13 16:44:03,287,2,20.966912905154643
2025-03-13 16:44:03,287,3,20.376777283552865
2025-03-13 16:44:04,288,0,6.924767498152103
2025-03-13 16:44:04,288,1,21.547129886675314
2025-03-13 16:44:04,288,2,20.96465383393559
2025-03-13 16:44:04,288,3,20.384776672861076
2025-03-13 16:44:05,289,0,6.924767498152103
2025-03-13 16:44:05,289,1,21.547129886675314
2025-03-13 16:44:05,289,2,20.96465383393559
2025-03-13 16:44:05,289,3,20.384776672861076
2025-03-13 16:44:06,290,0,6.927664442399127
2025-03-13 16:44:06,290,1,21.555133760521887
2025-03-13 16:44:06,290,2,20.960655278174695
2025-03-13 16:44:06,290,3,20.382787737450826
2025-03-13 16:44:07,291,0,6.928540175933641
2025-03-13 16:44:07,291,1,21.555738303959185
2025-03-13 16:44:07,291,2,20.962485330794213
2025-03-13 16:44:07,291,3,20.385248980894946
2025-03-13 16:44:08,292,0,6.928540175933641
2025-03-13 16:44:08,292,1,21.555738303959185
2025-03-13 16:44:08,292,2,20.962485330794213
2025-03-13 16:44:08,292,3,20.385248980894946
2025-03-13 16:44:09,293,0,6.9394672235236685
2025-03-13 16:44:09,293,1,21.56140031662753
2025-03-13 16:44:09,293,2,20.96411151828354
2025-03-13 16:44:09,293,3,20.380333687559574
2025-03-13 16:44:10,294,0,6.926382238383059
2025-03-13 16:44:10,294,1,21.554396814447404
2025-03-13 16:44:10,294,2,20.960285841284772
2025-03-13 16:44:10,294,3,20.371186165208282
2025-03-13 16:44:11,295,0,6.926382238383059
2025-03-13 16:44:11,295,1,21.554396814447404
2025-03-13 16:44:11,295,2,20.960285841284772
2025-03-13 16:44:11,295,3,20.371186165208282
2025-03-13 16:44:12,296,0,6.923319955077921
2025-03-13 16:44:12,296,1,21.55323210076794
2025-03-13 16:44:12,296,2,20.961578877746053
2025-03-13 16:44:12,296,3,20.36618839935901
2025-03-13 16:44:13,297,0,6.921396798490678
2025-03-13 16:44:13,297,1,21.551187712375278
2025-03-13 16:44:13,297,2,20.959332573203078
2025-03-13 16:44:13,297,3,20.35629353742979
2025-03-13 16:44:14,298,0,6.91130543840281
2025-03-13 16:44:14,298,1,21.544453435324158
2025-03-13 16:44:14,298,2,20.954049488895627
2025-03-13 16:44:14,298,3,20.35022568284501
2025-03-13 16:44:15,299,0,6.91130543840281
2025-03-13 16:44:15,299,1,21.544453435324158
2025-03-13 16:44:15,299,2,20.954049488895627
2025-03-13 16:44:15,299,3,20.35022568284501
2025-03-13 16:44:16,300,0,6.904458898503307
2025-03-13 16:44:16,300,1,21.544204885098267
2025-03-13 16:44:16,300,2,20.960085924363522
2025-03-13 16:44:16,300,3,20.35208150591496
2025-03-13 16:44:17,301,0,6.907777094785864
2025-03-13 16:44:17,301,1,21.53707950491302
2025-03-13 16:44:17,301,2,20.959564456304904
2025-03-13 16:44:17,301,3,20.33703568489296
2025-03-13 16:44:18,302,0,6.907777094785864
2025-03-13 16:44:18,302,1,21.53707950491302
2025-03-13 16:44:18,302,2,20.959564456304904
2025-03-13 16:44:18,302,3,20.33703568489296
2025-03-13 16:44:19,303,0,6.905612919883931
2025-03-13 16:44:19,303,1,21.526820400693712
2025-03-13 16:44:19,303,2,20.959587580279948
2025-03-13 16:44:19,303,3,20.32897395022771
2025-03-13 16:44:20,304,0,6.907357815678883
2025-03-13 16:44:20,304,1,21.517094308987105
2025-03-13 16:44:20,304,2,20.95583527408283
2025-03-13 16:44:20,304,3,20.327234258143314
2025-03-13 16:44:21,305,0,6.907357815678883
2025-03-13 16:44:21,305,1,21.517094308987105
2025-03-13 16:44:21,305,2,20.95583527408283
2025-03-13 16:44:21,305,3,20.327234258143314
2025-03-13 16:44:22,306,0,6.906051185006984
2025-03-13 16:44:22,306,1,21.510207648288578
2025-03-13 16:44:22,306,2,20.9648170378836
2025-03-13 16:44:22,306,3,20.33055080281021
2025-03-13 16:44:23,307,0,6.8980633879599935
2025-03-13 16:44:23,307,1,21.50478198279014
2025-03-13 16:44:23,307,2,20.969494245135444
2025-03-13 16:44:23,307,3,20.332172559749147
2025-03-13 16:44:24,308,0,6.8980633879599935
2025-03-13 16:44:24,308,1,21.50478198279014
2025-03-13 16:44:24,308,2,20.969494245135444
2025-03-13 16:44:24,308,3,20.332172559749147
2025-03-13 16:44:25,309,0,6.894258188538418
2025-03-13 16:44:25,309,1,21.492547575487954
2025-03-13 16:44:25,309,2,20.964889963913652
2025-03-13 16:44:25,309,3,20.337106505398847
2025-03-13 16:44:26,310,0,6.8888075978680385
2025-03-13 16:44:26,310,1,21.480905933281125
2025-03-13 16:44:26,310,2,20.94872578920372
2025-03-13 16:44:26,310,3,20.34784721693712
2025-03-13 16:44:27,311,0,6.8888075978680385
2025-03-13 16:44:27,311,1,21.480905933281125
2025-03-13 16:44:27,311,2,20.94872578920372
2025-03-13 16:44:27,311,3,20.34784721693712
2025-03-13 16:44:28,312,0,6.893150473217114
2025-03-13 16:44:28,312,1,21.46811053157593
2025-03-13 16:44:28,312,2,20.94154647362018
2025-03-13 16:44:28,312,3,20.333663143954812
2025-03-13 16:44:29,313,0,6.888538188881063
2025-03-13 16:44:29,313,1,21.463592558673188
2025-03-13 16:44:29,313,2,20.936949515733094
2025-03-13 16:44:29,313,3,20.330080864006042
2025-03-13 16:44:30,314,0,6.888538188881063
2025-03-13 16:44:30,314,1,21.463592558673188
2025-03-13 16:44:30,314,2,20.936949515733094
2025-03-13 16:44:30,314,3,20.330080864006042
2025-03-13 16:44:31,315,0,6.885712782277408
2025-03-13 16:44:31,315,1,21.45959267224742
2025-03-13 16:44:31,315,2,20.93563837041019
2025-03-13 16:44:31,315,3,20.318890104106174
2025-03-13 16:44:32,316,0,6.875933471097867
2025-03-13 16:44:32,316,1,21.443593736782535
2025-03-13 16:44:32,316,2,20.919361886775288
2025-03-13 16:44:32,316,3,20.306066372178535
2025-03-13 16:44:33,317,0,6.8664490793581985
2025-03-13 16:44:33,317,1,21.432516580857854
2025-03-13 16:44:33,317,2,20.90848684400895
2025-03-13 16:44:33,317,3,20.302534456122235
